label,folds,AQL,MAE,RMSE,AQCR,cov80,params,best_ep,mins,vs_clim_MAE_%,vs_clim_AQL_%
MRINN,4,25.858330708245433,66.31784699360529,321.13612796862924,0.0,82.18470072807136,6135.0,28.25,18.44,-11.8160643135933,-11.292175957991645
MR-LSTM,4,25.708225663006306,65.3663814763228,320.4198348124822,0.0,79.75921715790491,5895.0,33.0,37.53,-13.08124371533056,-11.807116078880586
MR-GRU,4,25.612943243483706,65.09425382812817,320.41354298591614,0.0,82.05076750068966,5055.0,50.5,53.345,-13.443096340449735,-12.133985442594486
MLP,4,25.909462899466355,66.25794609387717,320.85058319568634,0.0,80.75656670396464,7533.0,26.25,11.316666666666666,-11.895715528592666,-11.116765353460178
LSTM,4,25.78403339485327,66.29184675216675,321.02640803654987,0.0,80.98670547604067,7261.0,21.0,27.433333333333334,-11.850637263753583,-11.547055249216909
GRU,4,25.89887955288092,66.884165118138,321.58663377165794,0.0,81.38282367574288,6309.0,25.25,35.59166666666667,-11.063021756637937,-11.153071859756702
AttnBiLSTM,4,25.868063927193482,66.6144351462523,320.8387617866198,0.0,79.92374894720686,15302.0,27.0,62.04666666666667,-11.421686151996823,-11.258785841531793
XGBoost,4,26.385206821064152,67.52990275621414,322.2168115874132,2.75094860296654,79.43978043148186,,0.0,203.38500000000002,-10.204373761749174,-9.484710733913715
LQR,4,28.06063181857268,75.04027619957924,324.48378390073776,18.073303903345725,77.54361888615267,538080.0,546.25,33.30833333333333,-0.21770623958932145,-3.73711211467348
