model,rows,AQL,MAE,RMSE,cov80_%,AIW,extreme_preds
MRINN,34521,25.81871950614069,66.22229766845703,389.97235107421875,82.20956084702065,158.392333984375,0
MR-LSTM,34521,25.670355281563666,65.28193664550781,389.36962890625,79.770465803424,153.24058532714844,0
MR-GRU,34521,25.574069049061094,65.0072250366211,389.37109375,82.07817946563928,156.27821350097656,0
MLP,34521,25.871076313298037,66.17125701904297,389.6280822753906,80.76723226441877,155.34490966796875,0
LSTM,34521,25.745754465795887,66.20072937011719,389.6114196777344,81.00090645307687,155.3167724609375,0
GRU,34521,25.859964328190312,66.79436492919922,390.03961181640625,81.40455568108301,154.85549926757812,0
AttnBiLSTM,34521,25.828688423583966,66.51897430419922,389.6349792480469,79.94985540202582,151.91053771972656,0
XGBoost,34521,26.34592697873495,67.44332885742188,389.94329833984375,79.45338827573555,166.681884765625,0
LQR,34521,28.022267156780234,74.95820617675781,391.77569580078125,77.57708472137732,151.3295440673828,0
