tag,seed,h,minutes_ahead,AQL,MAE,RMSE,AQCR,coverage80,AIW
mrinn,42,1,15,25.426514421522512,63.03700488090508,388.6986031141912,0.0,81.95301410735493,163.47821412780456
mrinn,42,2,30,25.51708864659354,63.57140907227822,388.7710656500389,0.0,81.94722053242953,163.54663319418867
mrinn,42,3,45,25.647473564324468,63.81058154282245,388.81611896561543,0.0,80.67842762376524,160.04784290580992
mrinn,42,4,60,25.393542404378103,63.56291140317459,388.7635466693807,0.0,83.74902233423134,166.31646711216948
mrinn,42,5,75,25.601402709186914,63.82982216222442,388.8842866850377,0.0,81.88928478317546,162.16552373560472
mrinn,42,6,90,25.42773986489202,63.927446563668205,388.87002620172746,0.0,83.21891022855652,162.9991892258042
mrinn,42,7,105,25.56895851754673,64.2053023131686,388.993660665964,0.0,81.03183569421512,156.5568531308278
mrinn,42,8,120,25.468083407548328,63.94358276773511,388.93847514901273,0.0,82.56713304944816,160.88841824293274
mrinn,42,9,135,25.551683409057016,64.17759637988681,388.9344957234321,0.0,81.19115900466383,156.14918297522433
mrinn,42,10,150,25.46065664386017,64.08890253869356,388.88790974416446,0.0,83.1957359288549,162.44242041216958
mrinn,42,11,165,25.71447770736981,64.757724559773,388.9855392802924,0.0,79.92236609599954,153.72481022339767
mrinn,42,12,180,25.480450936970634,64.345342656357,388.88350335131713,0.0,82.29193824049129,158.69691284785483
mrinn,42,13,195,25.68490993947654,64.764215073711,388.9921666625466,0.0,80.18597375510559,154.26420793327708
mrinn,42,14,210,25.52408877505901,64.51839598888974,388.97758358994383,0.0,81.8458329712349,157.16581549939292
mrinn,42,15,225,25.5187645891846,64.31249639558293,388.9293294666506,0.0,81.54167028765099,156.20729723568675
mrinn,42,16,240,25.477934789177013,64.44079234878095,388.92156385201235,0.0,81.9211494452652,157.01308383025386
mrinn,42,17,255,25.532303674479238,64.35974344516376,388.91054777088164,0.0,80.27577416644941,152.3466058593974
mrinn,42,18,270,25.494928547703438,64.4051279759997,388.8816756642532,0.0,82.89736682019641,160.49938022441677
mrinn,42,19,285,25.62826661542233,64.69364127245922,388.9650657084207,0.0,80.81167984704962,154.2824602401424
mrinn,42,20,300,25.4125140981999,64.17046995958924,388.87955125397224,0.0,83.36664638915443,162.2216505423819
mrinn,42,21,315,25.65983019089657,64.82516695750881,388.92471717691814,0.0,80.08168940644825,152.15928457599634
mrinn,42,22,330,25.53070791660141,64.51273326852494,388.9063770304657,0.0,81.56194779988992,156.24130240644726
mrinn,42,23,345,25.55904644633082,64.40475755656571,388.95677326261296,0.0,81.05790678137946,154.98815464220436
mrinn,42,24,360,25.50242294311598,64.4574662386302,388.9130863168281,0.0,82.17896352944585,158.60096112497553
mrinn,42,25,375,25.60635751225336,64.69597059241995,388.9623903447025,0.0,80.73926016048203,154.4670331625229
mrinn,42,26,390,25.49662009458724,64.49556712089215,388.90978542279584,0.0,83.06248370557053,161.09661374311037
mrinn,42,27,405,25.544411476885966,64.25272267304145,388.8822805200032,0.0,82.1413052924307,160.71466332739084
mrinn,42,28,420,25.48907399249159,64.45373464730532,388.87868862102385,0.0,83.10014194258567,161.50287252329164
mrinn,42,29,435,25.62488365703037,64.8206123671289,388.9502594939083,0.0,81.3968309145158,156.66890182640262
mrinn,42,30,450,25.552827950345723,64.30883968606308,388.8368029931408,0.0,82.25428000347614,162.37551565494567
mrinn,42,31,465,25.69213252762965,64.59055973127884,388.92017162125575,0.0,80.55386576286898,157.02951316496572
mrinn,42,32,480,25.58877743507484,64.64582103047687,388.9161697681054,0.0,81.98487876944469,159.464495201821
mrinn,42,33,495,25.615280266180076,64.36531251329761,388.89367543775353,0.0,81.6140899742186,160.98545473070527
mrinn,42,34,510,25.655279980109206,64.66011321934569,388.99422465987857,0.0,82.19924104168477,161.7462361322158
mrinn,42,35,525,25.848864623547296,64.69680235021924,389.0006624967535,0.0,81.1042553807827,162.30297243324685
mrinn,42,36,540,25.69499875419943,64.59595694892937,388.9188371709727,0.0,82.27166072825237,163.56585137174213
mrinn,42,37,555,25.88639481932309,64.56959886719865,388.9548364446229,0.0,81.03473248167782,164.3883721730495
mrinn,42,38,570,25.730829723856402,64.41240183683814,388.9429153576929,0.0,82.86550215810666,169.53083781239272
mrinn,42,39,585,26.14409284703774,64.63963548923485,389.01792771482656,0.0,81.11873931809623,171.22860385327132
mrinn,42,40,600,25.799142837402748,64.59348207945403,389.0150330402951,0.0,82.31800932765563,166.09890379359902
mrinn,42,41,615,25.986325765964313,64.84788804571264,389.0892440495461,0.0,81.25488832884331,163.53050109512796
mrinn,42,42,630,25.856378541023304,64.60213914641508,388.96482567279827,0.0,82.38173865183511,167.5193983593743
mrinn,42,43,645,26.330132982519853,64.37864819671957,388.9207851386181,0.0,81.72127111033863,182.8469287536294
mrinn,42,44,660,25.83275649704773,64.60053824107753,388.9820855887774,0.0,82.7438370846731,167.00850038664004
mrinn,42,45,675,26.038577200278525,64.54489623533225,389.00314940480075,0.0,81.55905101242722,167.755438531365
mrinn,42,46,690,25.814828024547648,64.33264600372787,388.8846205746036,0.0,82.80466962138988,170.6124439896765
mrinn,42,47,705,26.2203411875768,65.01736975348756,389.1987692709981,0.0,80.66684047391442,164.11676299361474
mrinn,42,48,720,25.618104823653795,64.18401905544725,388.8109969916569,0.0,82.88288288288288,166.08801753478062
mrinn,42,49,735,25.866635301604326,64.68682007709852,389.55080535154855,0.0,81.36496625242606,160.54258533209364
mrinn,42,50,750,25.614214432097423,64.43037786027918,389.4529956438213,0.0,82.95819935691318,164.02029014392224
mrinn,42,51,765,26.02141204306036,64.8529853433712,389.5836794492321,0.0,80.49013643868949,161.78768707654328
mrinn,42,52,780,25.636646573340197,64.37676875833677,389.4328881079526,0.0,82.46864227571623,164.097956968697
mrinn,42,53,795,25.646789805792782,64.57258225572704,389.4884622239327,0.0,81.28964977839576,156.6640294603211
mrinn,42,54,810,25.60662463532096,64.37777122954726,389.48095463120865,0.0,82.30931896526752,162.99806099109932
mrinn,42,55,825,25.628895895688174,64.68451120178594,389.51545056734165,0.0,81.07818429361838,155.41211970339018
mrinn,42,56,840,25.529974769594514,64.43052077527857,389.51021846777127,0.0,82.1470988673561,158.1649242390797
mrinn,42,57,855,25.58180047190295,64.43744817452797,389.5417133658185,0.0,81.11584253063353,155.34629375653168
mrinn,42,58,870,25.449670845453458,64.16460374408902,389.4987940582752,0.0,82.95240578198776,161.42717429519254
mrinn,42,59,885,25.61456796860328,64.63690628056523,389.59387455650574,0.0,80.93624170794588,154.53684576014606
mrinn,42,60,900,25.512151597244287,64.34879518156399,389.5252352208361,0.0,81.68361287332348,156.84137459341315
mrinn,42,61,915,25.51216298568051,64.19401819118738,389.5535881412634,0.0,81.50980562556126,156.21241599210768
mrinn,42,62,930,25.467817823240125,64.17974912549407,389.5235366456958,0.0,82.75832102198662,160.39507556991825
mrinn,42,63,945,25.623033511150993,64.40826153540135,389.5419316970545,0.0,80.46696213898787,154.25498549753826
mrinn,42,64,960,25.460280110037928,64.0798103748142,389.4797751316113,0.0,82.78149532168825,160.45242265072824
mrinn,42,65,975,25.585474262801593,64.29944264484696,389.542848772472,0.0,80.83485414675125,155.02815000570837
mrinn,42,66,990,25.498784220012276,64.19615971104946,389.5093153760406,0.0,82.30062860287941,159.17781533671248
mrinn,42,67,1005,25.652994208443836,64.51221827197678,389.5556334640301,0.0,80.51910431331653,154.33164288681982
mrinn,42,68,1020,25.483617141979018,63.977500324445806,389.4297739174616,0.0,82.5874105616871,162.17351043050124
mrinn,42,69,1035,25.616165585963785,64.3306691638456,389.4898924108634,0.0,80.93624170794588,156.10513185782384
mrinn,42,70,1050,25.468602098020494,64.09793475772364,389.5077742158683,0.0,82.85681179571854,161.40992669099106
mrinn,42,71,1065,25.554945962571317,63.95823662754989,389.49619902194445,0.0,81.88638799571275,161.98168229977284
mrinn,42,72,1080,25.458554385009645,64.03736333706239,389.4714006009847,0.0,82.41650010138756,160.52652722957617
mrinn,42,73,1095,25.502507124997997,64.1323281463089,389.4990143592095,0.0,81.75603255989108,158.14450765415128
mrinn,42,74,1110,25.44491720701583,63.8804216849859,389.50802974839155,0.0,83.24498131572086,165.3051088757183
mrinn,42,75,1125,25.518613658292917,64.18905070467366,389.5408511804211,0.0,81.3215144404855,156.78394582794925
mrinn,42,76,1140,25.43344729285504,63.99472504991447,389.5787772466951,0.0,82.85101822079314,162.0887573461983
mrinn,42,77,1155,25.65850291743239,64.62142887720049,389.7148996895538,0.0,80.69001477361606,155.30114841336703
mrinn,42,78,1170,25.517714011236958,64.36230406447005,389.6321647978058,0.0,81.68071608586078,157.65577579072098
mrinn,42,79,1185,25.542253378868196,64.27729488794343,389.64522189803415,0.0,81.73575504765216,157.401008414339
mrinn,42,80,1200,25.47372304922971,64.18296770196423,389.6014939665428,0.0,82.30352539034212,159.40208210241153
mrinn,42,81,1215,25.566718823026285,64.35065157145267,389.64116968690917,0.0,80.95941600764752,156.01930319614297
mrinn,42,82,1230,25.405554199922,63.94077514718624,389.57101429541376,0.0,82.68010776049361,161.1152965948025
mrinn,42,83,1245,25.451263040222592,63.94029549330038,389.53725136459013,0.0,81.80527794675704,158.52725709328394
mrinn,42,84,1260,25.450660525275488,64.14696477879961,388.9626147746997,0.0,82.2282089163118,159.50613585612027
mrinn,42,85,1275,25.576890793814226,64.40485089850387,388.9640331121019,0.0,80.75953767272095,155.8922795496886
mrinn,42,86,1290,25.429304408633293,64.05047292009911,388.864390305868,0.0,81.74444541004027,158.81416884227477
mrinn,42,87,1305,25.543673331799862,64.25266304067281,388.95829702104186,0.0,81.14481040526057,156.8118578963358
mrinn,42,88,1320,25.498750317580708,64.36626028148014,389.00164532926857,0.0,81.8429361837722,158.86146181522582
mrinn,42,89,1335,25.52827865851757,64.28235257021014,388.95656020862253,0.0,80.866718808841,155.99378142883046
mrinn,42,90,1350,25.430944915142145,64.20562057887365,388.93994721263414,0.0,82.26876394078967,159.63078118165564
mrinn,42,91,1365,25.579265670103293,64.52078254168849,388.98871099712835,0.0,81.08687465600649,155.69221810313155
mrinn,42,92,1380,25.416063718472294,63.97799128906852,388.94519868227815,0.0,83.07986443034675,162.76866948373294
mrinn,42,93,1395,25.526081588636593,64.35364741714598,389.00435828935304,0.0,80.67263404883984,155.56224382545963
mrinn,42,94,1410,25.55153953961726,64.30928810718218,389.0115055768577,0.0,81.95011731989223,160.8299882659333
mrinn,42,95,1425,25.72131099379292,64.67455071795082,389.0940388001552,0.0,80.24390950435966,156.65414560542882
mrinn,42,96,1440,25.609829565735897,64.43614154817621,389.08608311596913,0.0,81.77631007213002,160.9568274115827
lstm,42,1,15,25.597750946950928,64.83221373160248,389.24985083073204,0.0,82.20213782914747,161.8626819656095
lstm,42,2,30,25.68480176303698,64.8251982601919,389.23209889171966,0.0,81.14770719272327,156.9591726875704
lstm,42,3,45,25.794118928046554,65.91849396154775,389.4534999505386,0.0,80.95362243272211,155.84183755701866
lstm,42,4,60,25.816813656512107,66.30514880008033,389.60453350907477,0.0,79.79201066017787,152.3409054832794
lstm,42,5,75,25.880744183925845,65.16072245531642,389.2182161313685,0.0,80.98259030734914,157.55802322624086
lstm,42,6,90,25.911524061417783,65.43505393807179,389.2578468365898,0.0,80.55386576286898,157.32999548295126
lstm,42,7,105,25.907170672674404,66.01103293669539,389.41578466337137,0.0,80.6465629616755,156.71619030523902
lstm,42,8,120,25.906619522836458,66.16776008407749,389.39878458705033,0.0,80.21204484226992,154.4914207514339
lstm,42,9,135,25.908357954567737,65.72782478087674,389.30411418208035,0.0,80.80298948466151,157.68557182975346
lstm,42,10,150,25.948661300881263,65.81361959132724,389.29822734688116,0.0,80.01216650734335,154.5880863032613
lstm,42,11,165,25.984321654402653,65.63570521387375,389.2133506522047,0.0,80.40612960227108,156.92969499826992
lstm,42,12,180,26.00310149724057,65.55578385501667,389.1856097846999,0.0,80.74795052287014,160.0429167971624
lstm,42,13,195,26.0400811551652,65.60815776183759,389.20508433391416,0.0,80.38295530256944,157.8588129097442
lstm,42,14,210,26.031416642632678,66.02073838927556,389.3583721384083,0.0,80.7160858607804,159.05691670611722
lstm,42,15,225,26.022271636981703,66.4272548974088,389.5020057056284,0.0,80.42930390197272,157.0554886422696
lstm,42,16,240,26.075769803267434,66.9696167410327,389.6819897547125,0.0,80.5770400625706,158.84175576162176
lstm,42,17,255,26.119836105196704,65.79817894167172,389.27246655827634,0.0,79.96581790794009,157.2877602222169
lstm,42,18,270,26.089912238902354,66.50649728658958,389.5555137350951,0.0,80.31053561600186,158.19124356434995
lstm,42,19,285,26.06306711604201,66.31326247052938,389.4789489517169,0.0,79.595029112714,154.23788918014063
lstm,42,20,300,26.100853712827224,66.4650273886718,389.5139789203436,0.0,79.17499493062195,153.593756511359
lstm,42,21,315,26.130358502943494,66.3054137884535,389.55215430855606,0.0,80.74795052287014,162.40102810501298
lstm,42,22,330,26.098410054859016,66.09713489405871,389.48479777182615,0.0,80.02085686973147,156.14817573975395
lstm,42,23,345,26.09786666636287,66.1453445890958,389.5315808914452,0.0,80.4988268010776,157.79639983052382
lstm,42,24,360,26.119777972635898,66.94016967539888,389.75888800044083,0.0,79.49943512644478,154.9429698446334
lstm,42,25,375,26.119260024733432,66.36344876265927,389.55128961221567,0.0,80.42351032704731,159.4844558867645
lstm,42,26,390,26.154131360434974,67.27424591604033,389.8502983372695,0.0,80.02954723211958,157.64313780782862
lstm,42,27,405,26.094069150500466,66.82583592982407,389.72320725573223,0.0,79.56606123808696,154.39250462811904
lstm,42,28,420,26.09691545744895,66.50331916993059,389.65384215827004,0.0,80.39743923988297,158.01827705135162
lstm,42,29,435,26.11847954257422,66.12285122317307,389.5082318122108,0.0,80.29605167868833,157.64353484594415
lstm,42,30,450,26.08786660974021,66.42001714194696,389.5634924746877,0.0,79.2213435300252,152.86049290311993
lstm,42,31,465,26.10926365077973,66.40255939308905,389.6200169897426,0.0,79.5226094261464,154.12715158933878
lstm,42,32,480,26.119578820654926,66.54548665712676,389.7094729184189,0.0,80.866718808841,160.01146177006595
lstm,42,33,495,26.174172212473557,67.11670372147704,389.8424804971716,0.0,79.5226094261464,154.84818932702927
lstm,42,34,510,26.16706755242916,66.21649165473363,389.54036244990016,0.0,79.93685003331305,156.01793497060433
lstm,42,35,525,26.14390101725433,66.77924558765378,389.7405932844753,0.0,79.62399698734104,154.38490867748814
lstm,42,36,540,26.15920017516431,66.02950265482446,389.5163116817773,0.0,80.46116856406246,157.74413028438693
lstm,42,37,555,26.124554871072036,66.32796546773751,389.6332357538633,0.0,80.28156774137481,156.0309428973149
lstm,42,38,570,26.135368094968804,66.37385676524849,389.6343455379346,0.0,79.41542829002636,153.47326077659358
lstm,42,39,585,26.112204421094003,66.51063199401152,389.8218791595256,0.0,80.03244401958229,155.85611512582275
lstm,42,40,600,26.0998018436104,66.52925991010277,389.7901479396418,0.0,79.53419657599721,153.7434809195922
lstm,42,41,615,26.08013529880762,66.15285204904627,389.70471521281047,0.0,80.06720546913473,154.97342748902264
lstm,42,42,630,26.081802910267733,65.97843044467281,389.61790758267523,0.0,81.08108108108108,159.50784381786997
lstm,42,43,645,26.066298300474955,66.28746621345688,389.73844519528205,0.0,80.18597375510559,155.65725606162107
lstm,42,44,660,26.036734581364215,66.05777016338817,389.69951388722575,0.0,80.49303322615219,155.64107456229632
lstm,42,45,675,26.08026303829252,66.41960566459977,389.7748082277673,0.0,79.91077894614872,154.0694139530799
lstm,42,46,690,26.059349614625624,65.98311297629084,389.6332769685313,0.0,80.32501955331537,155.4613074530576
lstm,42,47,705,26.039500332761623,66.83897240221368,390.0721150399579,0.0,80.63497581182469,156.62874164243956
lstm,42,48,720,26.07427912050924,65.89202188236355,389.6418101525997,0.0,81.20853972944005,164.19394233520168
lstm,42,49,735,26.0588361500421,66.64205721937499,390.56710932229987,0.0,81.59091567451696,159.9675008036976
lstm,42,50,750,26.10470318500049,65.8598129220858,390.1216124225471,0.0,80.30474204107645,155.99259064227078
lstm,42,51,765,26.061203062507815,66.3578934315527,390.362615281738,0.0,79.72538454853567,152.95400005039312
lstm,42,52,780,26.080136723311426,66.08077484757823,390.1937018780873,0.0,80.1193476434634,154.31202709052073
lstm,42,53,795,26.071631050095014,66.14923259280577,390.26525680442444,0.0,80.32212276585267,154.6199255839533
lstm,42,54,810,26.099496731556723,67.6983426227759,391.37010342709186,0.0,79.33721502853336,151.6246550866915
lstm,42,55,825,26.06555934378641,66.52419782692473,390.4597707905396,0.0,79.99768257002984,153.92790032194878
lstm,42,56,840,26.076924811565597,65.65033726228299,390.06968786948374,0.0,81.13322325540975,160.39445820004474
lstm,42,57,855,26.04337703176107,66.02150148765124,390.2343628092033,0.0,80.59731757480954,156.08792780170674
lstm,42,58,870,26.02114568939151,66.56378580551093,390.5890840911916,0.0,80.95941600764752,156.42776814855318
lstm,42,59,885,25.99340425609234,66.21891242865122,390.4622163569811,0.0,81.00866139451348,156.4333591779399
lstm,42,60,900,26.043539984233615,67.03368260270454,390.7540449307237,0.0,79.99188899510443,153.37811873151452
lstm,42,61,915,26.003958313757078,66.13970179852642,390.3718197855133,0.0,80.77981518495989,156.46506567917064
lstm,42,62,930,25.98453540696128,66.2414956390449,390.41010936129123,0.0,81.38814055212768,159.73388441375047
lstm,42,63,945,26.015438225709612,66.25002534818942,390.45727187183087,0.0,80.02085686973147,153.43859072504853
lstm,42,64,960,25.983050929380806,66.61819587961364,390.7468534558351,0.0,79.64137771211726,152.4860592699144
lstm,42,65,975,25.996738818757898,66.14009690928089,390.3630920878883,0.0,79.7427652733119,153.34930686218195
lstm,42,66,990,25.9966636855258,66.89794954702288,390.72549605058225,0.0,80.04982474435852,153.44975744589965
lstm,42,67,1005,26.001511760489677,66.43923824819441,390.4806315914171,0.0,80.5017235885403,156.25939486999607
lstm,42,68,1020,25.98618714962288,66.74879008278924,390.6350840585127,0.0,80.4206135395846,154.75807797176802
lstm,42,69,1035,25.96854401034949,65.7285167228379,390.0950217522937,0.0,80.98838388227456,158.23627881477864
lstm,42,70,1050,25.97777485176801,66.52127180604701,390.58369048958997,0.0,80.44958141421164,155.2914243018107
lstm,42,71,1065,26.017770609214505,65.72106292472135,390.12025642938437,0.0,80.39454245242027,156.74080961198524
lstm,42,72,1080,25.972951938234093,65.73400012826073,390.0948802021654,0.0,80.87830595869181,158.8736238702973
lstm,42,73,1095,26.020445470264455,65.8508689095066,390.14231237110926,0.0,80.07879261898555,155.21967934136168
lstm,42,74,1110,26.00989022756088,65.74168660775123,390.1213136233234,0.0,80.77112482257178,159.75433535971734
lstm,42,75,1125,26.01588797398572,65.7499149528314,390.115953698239,0.0,80.91596419570696,159.00143434754492
lstm,42,76,1140,25.982588202495105,66.14747113888754,390.4127359328415,0.0,81.06370035630486,158.82079787807254
lstm,42,77,1155,25.992919156053368,66.28975538126879,390.474007357878,0.0,81.43448915153095,160.90971330183135
lstm,42,78,1170,26.033077984616277,66.68483203249957,390.6862971754655,0.0,80.68711798615335,156.8189167298803
lstm,42,79,1185,26.06711684366856,65.77733977419592,390.1619030391961,0.0,80.82616378436313,159.28104062890796
lstm,42,80,1200,26.012153383708107,65.9320064096979,390.3536135772214,0.0,80.68132441122795,156.65381310557729
lstm,42,81,1215,26.052176208393792,66.37373887096183,390.43245107288294,0.0,79.5979259001767,153.34423206420394
lstm,42,82,1230,26.049214783977373,66.87698782133269,390.7993102753743,0.0,81.3157208655601,161.46800305919558
lstm,42,83,1245,26.001213763892252,66.33433174621874,390.54871416195704,0.0,80.85513165899017,157.11387470925197
lstm,42,84,1260,25.968621600658885,65.91815669448577,389.6980910611774,0.0,80.76243446018366,158.56360861854128
lstm,42,85,1275,25.99345571637693,65.83837985295453,389.68019351099167,0.0,80.35109064047971,155.818665045473
lstm,42,86,1290,25.99004564110524,66.07802605963707,389.737199195747,0.0,79.7369716983865,154.78396404293747
lstm,42,87,1305,25.991704718739037,65.82080822576381,389.72739961982097,0.0,80.45827177659976,157.12584812476996
lstm,42,88,1320,25.981429418966705,66.54820661534286,389.943044531708,0.0,79.28217606674198,153.05507033934956
lstm,42,89,1335,25.97520151480518,66.19185283839357,389.8743173911438,0.0,79.95133397062656,154.36953125639826
lstm,42,90,1350,26.006597655283535,66.5318989311191,390.02584621697406,0.0,81.04631963152863,161.0533253339929
lstm,42,91,1365,26.02982397649405,67.49651201905881,390.55105187628135,0.0,79.00987804524782,151.43264841884516
lstm,42,92,1380,25.991604991829433,66.89594548969514,390.0822567003672,0.0,79.87891428405898,154.01806614917098
lstm,42,93,1395,26.006848669596955,65.93714803048964,389.72898327881023,0.0,80.41481996465919,156.56832656375047
lstm,42,94,1410,26.013151967025202,66.88135920958912,390.0049803787838,0.0,79.69351988644593,153.51909125921165
lstm,42,95,1425,26.039942503361203,67.16114030221073,390.26789443956505,0.0,79.69931346137133,153.5799645935215
lstm,42,96,1440,26.017510222751916,66.5975174870294,389.88108050113397,0.0,79.49653833898208,153.39048319022027
gru,42,1,15,25.78470773779008,65.54081129417608,389.4118703635431,0.0,81.6111931867559,164.1273766574915
gru,42,2,30,25.761056754128766,65.27315666495865,389.4745275221658,0.0,80.63787259928739,156.905849905619
gru,42,3,45,25.998085070314016,66.75676606390327,390.17828643148266,0.0,80.68422119869065,156.42040532982745
gru,42,4,60,26.05114517639015,67.11571270739543,390.63712226709634,0.0,78.1698096810637,150.0000927294698
gru,42,5,75,26.009855288025257,65.7070719107684,389.48280514259955,0.0,80.8725123837664,158.88497450712507
gru,42,6,90,25.955647617828657,66.1266132255053,389.6026009508373,0.0,80.6494597491382,157.88000830223393
gru,42,7,105,26.01140915253482,66.9102550355524,389.85177037978036,0.0,80.63207902436199,157.03484331249356
gru,42,8,120,25.99771283244963,66.903785028967,389.81918676931264,0.0,80.1946641174937,154.54754507664293
gru,42,9,135,25.995235793992983,66.346087128805,389.5655689644158,0.0,80.83775093421396,158.0077961623876
gru,42,10,150,26.004923874385348,66.33248107627585,389.5868870107999,0.0,80.11065728107529,154.5241024768747
gru,42,11,165,26.031034852133097,66.20448538895079,389.41468166934567,0.0,80.22073520465803,157.0878318446383
gru,42,12,180,26.023475099453673,66.06734156038088,389.40995156296196,0.0,80.77981518495989,161.05810737990024
gru,42,13,195,26.059610417295307,66.35202935175498,389.47153048130855,0.0,80.18307696764289,158.00427901221187
gru,42,14,210,26.061523920382417,66.5272470279338,389.71460628450177,0.0,81.28095941600765,160.17380516883193
gru,42,15,225,26.089063098358928,67.18922413282954,390.02023582158023,0.0,80.61759508704847,157.1703080089036
gru,42,16,240,26.134853572318452,67.75176519311199,390.38037002890525,0.0,81.15639755511138,159.89206736113502
gru,42,17,255,26.078153854540666,66.45223022462957,389.64377914436204,0.0,80.30184525361375,157.67982293428614
gru,42,18,270,26.099116854345766,67.13820677012106,390.0597988874707,0.0,80.93624170794588,159.02551414499752
gru,42,19,285,26.06766151867053,66.89930601946682,389.91583483915394,0.0,79.77173314793895,154.32341095391217
gru,42,20,300,26.0719575299687,67.40505875874354,389.9740237298373,0.0,79.50812548883289,153.76125820160271
gru,42,21,315,26.145658617770728,66.98979130131252,389.8148738446785,0.0,81.49821847571044,165.11302424111926
gru,42,22,330,26.101342632808933,66.58981983794371,389.784489488318,0.0,79.4530865270415,155.30688307310817
gru,42,23,345,26.093269837299328,66.68221972480976,389.8503153113212,0.0,80.78560875988529,158.6951662599084
gru,42,24,360,26.127260100961983,67.72573060777412,390.4286863904868,0.0,79.64717128704267,154.48167354686984
gru,42,25,375,26.08652339178543,66.89419015785461,389.8666828886906,0.0,81.17957185481302,160.7253669235944
gru,42,26,390,26.174192169351322,68.1618390169739,390.359292827751,0.0,80.99707424466267,158.69621297143996
gru,42,27,405,26.108430849460365,67.63265003147004,390.11485049150804,0.0,80.13672836823962,154.83757209003554
gru,42,28,420,26.065797976726806,66.96422700908226,389.90403387967984,0.0,81.30703050317199,159.25461399214322
gru,42,29,435,26.062897668250656,66.5999404696948,389.67798002779534,0.0,80.68422119869065,158.5213791032812
gru,42,30,450,26.056140522438984,67.09272356407894,390.05494062101627,0.0,79.46757046435503,153.20137433222985
gru,42,31,465,26.079361734534473,67.0260656177432,390.1134287461872,0.0,79.5139190637583,153.7465715489729
gru,42,32,480,26.09705043058448,67.03676260571562,390.1794542196052,0.0,81.86900727093654,162.40240704567722
gru,42,33,495,26.15429946138638,68.06439956489898,390.66989931538984,0.0,80.07299904406014,155.51436198068063
gru,42,34,510,26.068806772314808,66.73374077381327,389.883163549158,0.0,80.17438660525478,156.7741589091086
gru,42,35,525,26.091966639307305,67.35616213914884,390.41895251815714,0.0,80.32791634077807,155.42042272828408
gru,42,36,540,26.052426076882586,66.11634128507288,389.6848298953952,0.0,81.22012687929086,159.50312364994124
gru,42,37,555,26.04974583455467,66.50197277545429,389.88767901998995,0.0,80.99707424466267,157.53771614745253
gru,42,38,570,26.036922841935898,66.79478979956116,389.95245976667445,0.0,79.76014599808812,154.01288084959225
gru,42,39,585,26.06141281180694,66.88618033658351,390.02664024983454,0.0,80.32501955331537,156.23060662265596
gru,42,40,600,26.05182334205829,67.15743431672321,390.18457565463785,0.0,79.80649459749138,154.09826693696448
gru,42,41,615,26.013351001256762,66.35073220687337,389.8835291183626,0.0,80.53358825063005,155.84384781729761
gru,42,42,630,26.019858629955614,66.17194085840732,389.75515804601815,0.0,81.62278033660671,162.3818371151535
gru,42,43,645,26.004992393959714,66.57112029392286,390.15587624494066,0.0,80.90148025839345,156.9944960356656
gru,42,44,660,25.97990424732933,66.25620619623831,389.8739864392777,0.0,80.68711798615335,156.46471983332603
gru,42,45,675,26.038003675229522,66.69448757525156,390.2176786331456,0.0,80.28736131630022,154.85736408086495
gru,42,46,690,25.990938606432927,66.05427278165166,389.81081314839724,0.0,80.99707424466267,156.8305607204514
gru,42,47,705,26.05580949998905,67.23064795010137,390.4279702991046,0.0,81.4692506010834,158.74988077174885
gru,42,48,720,26.096529759068005,65.97418307426597,389.7353824162143,0.0,82.30352539034212,170.37686271338325
gru,42,49,735,26.123871236321463,67.08821750128303,390.77441290752984,0.0,82.0659888184004,163.21709260204693
gru,42,50,750,26.052017272839482,66.00824797209636,390.2246747958743,0.0,80.69870513600416,157.3480439397195
gru,42,51,765,26.02315947098283,66.67104846268388,390.51442718212155,0.0,79.4530865270415,152.91825891181034
gru,42,52,780,26.027077443488366,66.20919001217342,390.2526273200405,0.0,79.9716114828655,154.52413279050788
gru,42,53,795,26.06360388201041,66.2847586372565,390.4284363856819,0.0,80.69001477361606,155.72165371653495
gru,42,54,810,26.22834118433761,68.49581373975697,392.06818336053385,0.0,78.72309608644014,150.87177955962878
gru,42,55,825,26.076496522746055,66.90165455445903,390.873326513604,0.0,80.3424002780916,154.87754265421086
gru,42,56,840,26.11958505888029,65.63519193242733,390.16880375049305,0.0,81.73285826018945,163.94031849187198
gru,42,57,855,26.085477927056285,66.28018632802055,390.48720139154017,0.0,81.03183569421512,157.81402561691877
gru,42,58,870,26.11741516978025,67.04741077986725,390.8804171900607,0.0,80.88699632107992,157.58191374790593
gru,42,59,885,26.08505211156184,66.5871997351416,390.64761941035715,0.0,80.788505547348,157.3224335372078
gru,42,60,900,26.135725963435682,67.99417358307984,391.3890110789279,0.0,80.22073520465803,154.67259439150808
gru,42,61,915,26.099191555346653,66.5664316391976,390.5143311495266,0.0,80.09617334376176,156.5752336917896
gru,42,62,930,26.129554426540096,66.81032572591094,390.59229723053585,0.0,81.25778511630601,162.05675080436166
gru,42,63,945,26.107392677978112,66.61785607339974,390.64081317656144,0.0,79.76014599808812,154.2223942600285
gru,42,64,960,26.089096373912234,67.18834735839516,391.04738304928134,0.0,79.00698125778511,151.98280369476583
gru,42,65,975,26.073430904764166,66.62660703407138,390.5099664841487,0.0,79.29086642913009,153.3028332614977
gru,42,66,990,26.13038501333147,67.54636432903362,390.9956133658216,0.0,79.95712754555198,154.61562147862907
gru,42,67,1005,26.16621523491017,67.26727303681673,390.8057117456703,0.0,80.53938182555545,158.01317418987597
gru,42,68,1020,26.15108936504715,67.39240120602557,390.9800378859675,0.0,80.59152399988413,156.54224071131515
gru,42,69,1035,26.13588177162374,66.35209906721872,390.33033739898497,0.0,80.89568668346804,160.2952021796176
gru,42,70,1050,26.17041488853941,67.24273391641427,390.9791720363363,0.0,80.05561831928392,155.90859769958348
gru,42,71,1065,26.162059226601997,66.43255888464952,390.4277685953459,0.0,80.44958141421164,158.3026289860462
gru,42,72,1080,26.133021024106178,66.39574018097002,390.3734024551386,0.0,80.7218794357058,160.89754591749548
gru,42,73,1095,26.116699307362335,66.35086371709689,390.39476795048057,0.0,79.73117812346108,156.00835292688313
gru,42,74,1110,26.146155698831922,66.52450570028803,390.4654631614307,0.0,80.70449871092958,162.4005770675482
gru,42,75,1125,26.137080847631644,66.27770649861336,390.41992178456013,0.0,80.87540917122911,161.30452732967873
gru,42,76,1140,26.115096188125342,66.69054176805317,390.7378416699126,0.0,80.54807218794357,160.17868368378615
gru,42,77,1155,26.156638330177174,66.97848885739504,390.8272103355688,0.0,81.29544335332116,163.9501288891113
gru,42,78,1170,26.171228070712676,67.42728070190392,391.2303008324012,0.0,80.5741432751079,158.18590230523185
gru,42,79,1185,26.121773781002968,66.39262005080252,390.4735294916485,0.0,80.85802844645288,161.49217321701678
gru,42,80,1200,26.09494480329439,66.30898763355022,390.5714429600529,0.0,80.68422119869065,158.45035937282591
gru,42,81,1215,26.095922219384015,67.22652946965579,390.7875882760429,0.0,79.41832507748906,153.6520094554688
gru,42,82,1230,26.22483414618467,67.70753330217812,391.2904201044652,0.0,81.74734219750297,164.92579536458874
gru,42,83,1245,26.09481603225523,66.75778432337127,390.82361803466364,0.0,80.7218794357058,157.97837864571886
gru,42,84,1260,26.022284770633537,66.29122597582133,389.8722623653672,0.0,80.58862721242143,160.20983822964322
gru,42,85,1275,26.00734971928395,66.20812750147739,389.89489619260314,0.0,80.38295530256944,156.56626449882037
gru,42,86,1290,26.002648444453136,66.6461549470212,389.9767056457764,0.0,79.48784797659397,154.576905137781
gru,42,87,1305,26.009818637399025,66.21164471959963,389.95833301430787,0.0,80.80878305958691,158.35466682612528
gru,42,88,1320,26.075157247392116,67.6646589843408,390.3642744699694,0.0,79.12574954375597,153.0232353610171
gru,42,89,1335,26.0631472809199,66.8412416667054,390.2327504956687,0.0,80.1164508560007,154.93004873195386
gru,42,90,1350,26.13842305965637,67.26138503969345,390.4157592273901,0.0,81.57063816227803,163.9005694066312
gru,42,91,1365,26.244551912329268,68.31809688800077,391.5476500268379,0.0,77.93227310912198,149.85262349103246
gru,42,92,1380,26.16583257692589,67.81536367495355,390.6683642517494,0.0,79.75145563570001,154.4146680157751
gru,42,93,1395,26.08012305798087,66.61765061768304,390.03272380578875,0.0,80.38585209003215,157.20506071365793
gru,42,94,1410,26.170684948987535,67.8601185596821,390.5783620446207,0.0,79.66165522435618,154.22512870735983
gru,42,95,1425,26.197424616772054,68.1289851443386,391.03692245467096,0.0,79.10547203151704,152.6956777740134
gru,42,96,1440,26.120612532602404,67.70097492468088,390.39363234408034,0.0,79.00698125778511,152.9675869124159
mrinn,43,1,15,7131575536874.115,286658.7601109111,52783120.03710655,0.0,83.65922192288751,356578774685805.3
mrinn,43,2,30,76462272192.04153,251390665.38037372,46680316527.074356,0.0,83.51727933721503,3819343830799.6206
mrinn,43,3,45,2841208643.66969,1632690.2394930925,302669998.30154747,0.0,83.6418411981113,142035970131.52054
mrinn,43,4,60,1170355838884.0786,118102146.6133183,21930515111.997864,0.0,83.36664638915443,58516020933176.31
mrinn,43,5,75,5828052995.020756,4103.820818904046,524572.0946300069,0.0,83.36954317661713,291402602911.9698
mrinn,43,6,90,32577975119.799664,5154.528614469845,910739.4624974661,0.0,83.10014194258567,1628898714423.4092
mrinn,43,7,105,14290083098.89895,3928.3120373672755,711065.7142033513,0.0,83.1146258798992,714504124342.1582
mrinn,43,8,120,503458654.57153225,901.9795094207261,116735.88903338337,0.0,83.24208452825816,25172922939.742764
mrinn,43,9,135,63586038868.14663,7138.027087628085,1311738.5987112483,0.0,83.10593551751107,3179301889075.064
mrinn,43,10,150,50978150565.70436,9147.492967642167,1643913.0474284764,0.0,83.09145158019756,2548907456776.6685
mrinn,43,11,165,603718039674.7976,23897.17852851229,4400082.915663144,0.0,82.90895397004722,30185901800200.32
mrinn,43,12,180,1051299596.9774988,798.5424604925925,127547.56601333337,0.0,82.90605718258452,52564972611.982864
mrinn,43,13,195,1982959400.234347,3215.720887770592,570595.6927704404,0.0,83.13780017960082,99147944411.36862
mrinn,43,14,210,119429020.33539328,422.9055923859012,64799.406333478815,0.0,83.03061904348078,5971447145.295784
mrinn,43,15,225,312462516837.02277,25331.24487490935,4669338.463667857,0.0,82.86260537064396,15623125648090.523
mrinn,43,16,240,172580171.21170264,963.7032835713527,148086.91373284857,0.0,83.0422061933316,8628999890.182636
mrinn,43,17,255,2314400133.1119847,7429.149459130423,1366510.741584596,0.0,83.06248370557053,115719950120.16458
mrinn,43,18,270,98551003.13091698,512.4187091875457,79342.94992460171,0.0,82.84232785840503,4927545406.195855
mrinn,43,19,285,187363418.03058887,1763.7627854415116,297983.52041417407,0.0,83.11172909243649,9368156248.77238
mrinn,43,20,300,318385333.6920765,2779.7590304908904,486464.04562335357,0.0,83.1146258798992,15919244350.432135
mrinn,43,21,315,25319619459.359547,29286.73508051625,5420286.8938350165,0.0,82.93792184467425,1265980751762.5168
mrinn,43,22,330,1543979.0796472933,332.89915578491207,33408.401545816254,0.0,83.01323831870455,77194801.5849546
mrinn,43,23,345,477378006.5821037,2304.4675651609455,411380.71977483534,0.0,82.99585759392833,23868882005.222317
mrinn,43,24,360,15113793786.767582,20032.569585307272,3704134.383324561,0.0,82.79018568407636,755689536958.2904
mrinn,43,25,375,410572.4657818993,277.5162158911005,25284.14588361282,0.0,82.99006401900293,20524830.53087848
mrinn,43,26,390,286168.74987439706,112.82413088689914,5994.3902128309055,0.0,82.57872019929898,14305983.564605195
mrinn,43,27,405,160163.8261907887,109.50969267328645,5790.6970454525945,0.0,82.81046319631528,8006454.8412041385
mrinn,43,28,420,4496445.716861426,509.92793795129063,54790.306082812276,0.0,82.81915355870339,224816181.5265557
mrinn,43,29,435,84694335.90969215,2405.107947857085,433045.23419340194,0.0,83.06538049303323,4234697969.333289
mrinn,43,30,450,75503.47863421617,90.42307418184257,3634.5546472346673,0.0,82.81335998377799,3773781.969649677
mrinn,43,31,465,17558.425759919075,92.4788105970478,2409.5198720212447,0.0,82.84522464586773,876400.7703303965
mrinn,43,32,480,1105831.6689747397,296.82309168002155,38299.55881045353,0.0,83.00744474377915,55288526.247644745
mrinn,43,33,495,14042.695123610285,81.34557382655586,1960.8730279471072,0.0,82.93502505721155,700843.180583662
mrinn,43,34,510,4116.69824730499,76.91866392503809,989.5931893090049,0.0,82.87419252049477,204558.00110331512
mrinn,43,35,525,195184.04387187437,162.66628164063974,16290.631311324798,0.0,83.23629095333276,9757274.543062292
mrinn,43,36,540,10222.577152454971,86.94360227710001,2777.659148907489,0.0,83.14069696706353,509799.29421959433
mrinn,43,37,555,20702.00516816679,120.5488070817954,7033.479383854755,0.0,83.20732307870571,1033429.5108471317
mrinn,43,38,570,5410.093604802983,107.99285398520404,4572.5110962551325,0.0,83.10303873004837,268824.64163310657
mrinn,43,39,585,18581.591888821615,93.68855917432958,4121.201229790927,0.0,83.08855479273485,927698.6450519044
mrinn,43,40,600,4281.573617836164,93.60595455996466,3113.420629877987,0.0,82.65693346079198,212482.01206499417
mrinn,43,41,615,8633.8294280916,149.7288532870497,8715.278401491181,0.0,83.25656846557168,429360.74486658094
mrinn,43,42,630,341.2603829161485,72.17175933533223,554.6361712628541,0.0,82.95530256945048,15861.646294433653
mrinn,43,43,645,3748.1456147150493,249.38940888970086,27067.083682449043,0.0,83.38402711393064,183487.77473257546
mrinn,43,44,660,4529.5175270387335,5893.217552092452,1071641.01198569,0.0,83.10883230497377,137907.74563906126
mrinn,43,45,675,3694.363202247184,718.8540824111655,105492.57340935164,0.0,82.81046319631528,170537.82801841525
mrinn,43,46,690,12327.005777977063,5040.825611200604,905553.1610679913,0.0,82.969786506764,516371.98940300226
mrinn,43,47,705,4324.201123408747,208.42734349106507,17983.807951215065,0.0,83.28553634019872,212360.3419174769
mrinn,43,48,720,29213.47695256953,3960.1518966108256,571968.9477245848,0.0,83.1870455664668,1382495.9863981737
mrinn,43,49,735,27921052.27208825,2008.3559069834087,264329.45282750746,0.0,83.15807769183975,1396029198.7492042
mrinn,43,50,750,6952113.014937324,774.2898474957452,130644.85648841452,0.0,83.38402711393064,347599146.6845349
mrinn,43,51,765,18040130.136387073,640.2287489173443,102818.97226217622,0.0,83.24208452825816,902000672.5193323
mrinn,43,52,780,2602912.590259594,3786.5082070363137,632806.5688223545,0.0,83.47962110019988,130074648.68033925
mrinn,43,53,795,190011832.4282392,1990.3037179685418,355971.25697226316,0.0,83.42747892587121,9500575941.007792
mrinn,43,54,810,48451762.11052884,1218.8970517347668,194163.38609999034,0.0,83.47672431273718,2422576945.825372
mrinn,43,55,825,90104898.66933812,1461.2515430433884,255312.65493973304,0.0,83.61287332348427,4505233069.087663
mrinn,43,56,840,180753488.0206099,125976.005376612,23228444.237439364,0.0,83.0451029807943,9035175155.262857
mrinn,43,57,855,899868873.4622946,713.0300331774927,119104.1716839091,0.0,83.13780017960082,44993437619.65224
mrinn,43,58,870,1158130128.889319,2616.887711393329,340549.48713720613,0.0,83.35795602676632,57906473382.8282
mrinn,43,59,885,458936629802121.3,3109607.4922785447,577741291.000892,0.0,83.2681556154225,2.2946831466770572e+16
mrinn,43,60,900,74116593148977.33,1439021.7124800098,267353232.6650645,0.0,83.30581385243765,3705829646648044.5
mrinn,43,61,915,5709046470318.735,5610670.145266926,1006292163.1423525,0.0,83.30291706497495,285452213723285.4
mrinn,43,62,930,276291289280.0636,4216932.012378988,781333650.989684,0.0,82.92633469482344,13814480243895.543
mrinn,43,63,945,8635754290.309244,2599308.2381212316,482363251.5693038,0.0,83.32898815213929,431735783558.9596
mrinn,43,64,960,8876743166.026463,267053.12902736815,48371609.53824714,0.0,83.47382752527447,443831916727.4468
mrinn,43,65,975,1668150552.7424765,12430.852271818558,2134579.2175441706,0.0,83.30871063990035,83407292036.65726
mrinn,43,66,990,1432484161.610259,1842.2762835181506,329302.2471166761,0.0,83.54624721184206,71624193577.94354
mrinn,43,67,1005,147447937208524.28,2291658.933580268,425736560.48437065,0.0,83.46513716288636,7372396843224265.0
mrinn,43,68,1020,52210954785.752785,14102.788815908274,2607127.6199856335,0.0,83.5723182990064,2610547632733.1025
mrinn,43,69,1035,3614556276.557451,43292.44438688155,7649685.096012382,0.0,83.27684597781061,180726978196.13467
mrinn,43,70,1050,14439997.429917816,216.08905739573055,19922.412410343873,0.0,83.21601344109382,721995846.1789316
mrinn,43,71,1065,4052320352.888411,918863.8422864125,169846959.45317724,0.0,83.34926566437821,202597726121.7826
mrinn,43,72,1080,19385631751.834206,27284.847574702708,4254332.8245066935,0.0,83.47093073781177,969281322323.103
mrinn,43,73,1095,1490213076.7953181,2740.4572492509933,460264.2139824528,0.0,83.09434836766026,74510630128.69305
mrinn,43,74,1110,269398053.41492265,15666.792015144458,2628894.7379194726,0.0,83.1957359288549,13469610403.181345
mrinn,43,75,1125,163574584.07419497,4573.210635087271,691091.8766419642,0.0,83.3376785145274,8178649546.604812
mrinn,43,76,1140,3717579.0003713416,3223.153932045613,572909.8463220699,0.0,83.2015295037803,185816061.6357693
mrinn,43,77,1155,561345.8880294681,136.88415372348427,9085.405391137392,0.0,83.2739491903479,28065281.23498573
mrinn,43,78,1170,4294704.489428802,599.3745211852886,69652.17670647823,0.0,83.26525882795978,214725578.17327756
mrinn,43,79,1185,228313697.32713395,3084.362979953603,559618.9586412316,0.0,83.45644680049826,11415660983.284018
mrinn,43,80,1200,17009282.75267873,804.4548289453794,129747.9235569629,0.0,83.36085281422902,850457121.4280573
mrinn,43,81,1215,1703646.6716330615,1035.0957608610686,165056.15021641421,0.0,83.15807769183975,85162999.60882483
mrinn,43,82,1230,272962223.93659294,2358.365709200613,421968.4741562782,0.0,83.16966484169056,13648092663.319878
mrinn,43,83,1245,3659691.031519551,486.62844465120827,54719.83035087287,0.0,83.29422670258683,182977773.63537693
mrinn,43,84,1260,670988.7531550691,538.2324619332769,78543.38383114141,0.0,83.24208452825816,33539555.579855286
mrinn,43,85,1275,2092378904.4554362,8126.86801620874,1435519.4243799832,0.0,83.22760059094463,104618879331.17938
mrinn,43,86,1290,628589.7182977211,1977.935117684651,350018.47182804986,0.0,82.98716723154023,31390745.283136986
mrinn,43,87,1305,141970623.28823733,5170684.341204368,960655487.4570036,0.0,83.15518090437705,6995071364.147313
mrinn,43,88,1320,8421475.962632949,247604.5046445177,45957284.23057213,0.0,83.1204194548246,416139008.55836844
mrinn,43,89,1335,390305403.91300154,1689.622552159136,224321.69203146631,0.0,83.03641261840619,19515243564.870052
mrinn,43,90,1350,258328044.3019928,224232.43608450217,41543484.757000156,0.0,83.03351583094349,12911937217.104624
mrinn,43,91,1365,141310932709.32367,30205.59240896749,5251270.984227447,0.0,83.16387126676516,7065546392945.584
mrinn,43,92,1380,111742824139.9548,612394.4385079695,105491211.81135078,0.0,83.1146258798992,5587129561590.919
mrinn,43,93,1395,101242248172.08241,15389.148876001536,2761946.1284916443,0.0,82.96109614437589,5062112286765.062
mrinn,43,94,1410,54629364114.656975,452028.8083372163,81925028.53002086,0.0,82.90026360765911,2731461508561.5654
mrinn,43,95,1425,12312009899.297634,7412.320644323639,1006797.4189773405,0.0,83.00454795631644,615600411826.2119
mrinn,43,96,1440,121475509.68779989,315.6659205250214,43308.02907354798,0.0,82.62796558616495,6073772319.761174
lstm,43,1,15,25.51381076713261,64.12961010440738,388.868920537218,0.0,82.71776599750876,159.109479342491
lstm,43,2,30,25.516090869839115,64.0361196656981,388.9060283592841,0.0,82.54106196228382,158.5031499072848
lstm,43,3,45,25.701331421145277,64.50320409220295,389.0496177052131,0.0,82.04860809362418,158.42438815641685
lstm,43,4,60,25.98690461987551,65.49884337651426,389.26827512907397,0.0,82.14999565481881,161.94906476179892
lstm,43,5,75,25.816557295478255,65.08750672505495,389.1347678445857,0.0,82.23979606616263,160.35779999562075
lstm,43,6,90,25.780341290528987,64.97301038280636,389.141836474092,0.0,82.16447959213232,160.05653210898603
lstm,43,7,105,25.933992305833613,65.43400254869847,389.1783872426549,0.0,81.96170446974305,160.90716054987962
lstm,43,8,120,26.00630478530639,65.55996226206035,389.382087482383,0.0,81.77920685959272,160.70420028261796
lstm,43,9,135,26.02101979898355,65.48563173231152,389.31432391488266,0.0,81.44317951391906,159.28040209076252
lstm,43,10,150,26.022351446628534,65.62034957693649,389.36016705682437,0.0,81.74154862257757,160.99652422670715
lstm,43,11,165,26.079316110660415,65.41659713554833,389.29275603744344,0.0,80.34819385301701,157.13681348992768
lstm,43,12,180,26.1408637822776,65.69604442638509,389.323527886764,0.0,81.45766345123259,160.87952869136217
lstm,43,13,195,26.146595715145075,65.85847185187735,389.3392460332107,0.0,81.42000521421743,160.48206781017961
lstm,43,14,210,26.16813310802276,65.93809554451576,389.3514414034152,0.0,81.49242490078504,161.80842146411655
lstm,43,15,225,26.243424876113767,65.92161294566311,389.4110912759743,0.0,80.74795052287014,159.51079473029208
lstm,43,16,240,26.220992399397506,66.12013979117168,389.3307196664423,0.0,81.64016106138293,162.70092488959054
lstm,43,17,255,26.309251251694274,66.09107927139058,389.52230280959657,0.0,80.24101271689696,158.6514019240015
lstm,43,18,270,26.15645877511405,65.8227450285002,389.2870180406601,0.0,81.2461979664552,160.82351721605983
lstm,43,19,285,26.304668061326925,66.25612161199946,389.24769741266005,0.0,81.03183569421512,161.51233647449368
lstm,43,20,300,26.389626227619495,66.60522450773567,389.4336622415784,0.0,81.08977144346919,162.43456931438917
lstm,43,21,315,26.30698326426498,66.37716090676032,389.35622148115743,0.0,81.11294574317083,160.95927930535052
lstm,43,22,330,26.34106264912006,66.42609623818831,389.40213532581856,0.0,81.50690883809855,162.90105355960287
lstm,43,23,345,26.105085326576432,65.52623085147837,389.2227844724062,0.0,81.06370035630486,158.8019752056794
lstm,43,24,360,26.27590499328587,66.19493310380466,389.35554239324097,0.0,81.23171402914167,161.09270435782022
lstm,43,25,375,26.271516346804816,66.23013659940644,389.3357868185695,0.0,81.17667506735032,160.4406152732607
lstm,43,26,390,26.57516196602514,66.88798088306628,390.45461121937876,0.0,80.10486370614987,159.59250829893787
lstm,43,27,405,26.591847518046883,66.73586918986385,390.3662437211718,0.0,80.14831551809044,160.08924768849846
lstm,43,28,420,26.263719490282163,66.18442074729603,389.40013241985207,0.0,81.22592045421626,160.70255706216625
lstm,43,29,435,26.464145827721524,66.28405169342227,389.78902670756156,0.0,79.57475160047507,157.81116281019726
lstm,43,30,450,26.347236921387882,66.45676552552781,389.55569695045506,0.0,80.8696155963037,160.4393491648228
lstm,43,31,465,26.333163678521952,66.5933406740278,389.5331937531137,0.0,80.96810637003563,161.08543793124053
lstm,43,32,480,26.301231157667427,66.10707989257436,389.67730912029344,0.0,80.20335447988181,158.20892960651514
lstm,43,33,495,26.500144078154516,67.11389195759126,389.70706012749525,0.0,80.99128066973726,161.59035038061242
lstm,43,34,510,26.292220624102015,66.30761203691027,389.5230733208471,0.0,81.21723009182816,160.6867704451693
lstm,43,35,525,26.201640714489976,65.97230617062849,389.4899924915473,0.0,80.90148025839345,158.6383681692475
lstm,43,36,540,26.14348988365465,65.79870015366055,389.42804586080575,0.0,81.28964977839576,159.5254966626369
lstm,43,37,555,26.33446965676054,66.55932552269267,389.7316514261172,0.0,81.41131485182932,162.6655887902892
lstm,43,38,570,26.29699895480702,66.44348396173322,389.74637614429395,0.0,81.43159236406825,162.62005215108115
lstm,43,39,585,26.296430529857975,66.48174882739151,389.71898378139895,0.0,81.37655340227687,161.84324514635944
lstm,43,40,600,26.141048438439775,65.91002090060533,389.57161191992236,0.0,81.47794096347151,160.10647969303974
lstm,43,41,615,26.2798763941128,66.37870737158416,389.55403153977994,0.0,81.67492251093537,163.37182990254982
lstm,43,42,630,26.317054319898222,66.2716196485004,389.65847081328974,0.0,80.33081312824079,158.58552435221418
lstm,43,43,645,26.225480399575794,66.08672159021407,389.4922085019502,0.0,80.866718808841,159.16732303601725
lstm,43,44,660,26.195255884377907,66.17025271039209,389.533118464178,0.0,81.4663538136207,160.96329461012763
lstm,43,45,675,26.229778478451305,65.97480326317404,389.5086176818343,0.0,80.29025810376292,157.82784397224032
lstm,43,46,690,26.087520846869165,65.806527183057,389.4342116910573,0.0,81.62567712406941,160.80736507849952
lstm,43,47,705,26.081585813093675,65.72608986270168,389.3552470378373,0.0,81.42290200168014,159.54809703811694
lstm,43,48,720,26.123897934888635,65.9263257250401,389.3760476819714,0.0,81.56194779988992,160.92073231026836
lstm,43,49,735,26.413377883079683,66.90863516305892,390.12417221952234,0.0,81.44317951391906,162.2175877599671
lstm,43,50,750,26.257552074442884,66.03841552972804,389.9161118264447,0.0,80.56255612525709,159.55569806034705
lstm,43,51,765,26.22953267892054,66.20463171316261,389.9175255909568,0.0,81.90376872048898,161.73958311392033
lstm,43,52,780,26.206850882678463,66.12456489648585,389.9196149387079,0.0,81.83714260884679,161.679210015794
lstm,43,53,795,26.19013846774133,66.05837529969534,389.8616705741814,0.0,81.37945018973957,160.27348163911117
lstm,43,54,810,25.962295220839046,65.23290120253516,389.688932140718,0.0,82.18475710437126,160.88900685879355
lstm,43,55,825,26.16961514527633,66.04092177353652,389.94180098345754,0.0,81.93563338257871,161.88640631517194
lstm,43,56,840,25.974108022049535,65.41889754609247,389.79367768308134,0.0,82.32380290258104,161.5226740101161
lstm,43,57,855,26.10858934289235,65.69590175020004,389.82728683137213,0.0,81.84003939630949,160.89333763143972
lstm,43,58,870,25.960395843942354,65.19978036425714,389.8378484937737,0.0,82.0717823933258,160.7543143828828
lstm,43,59,885,26.012291055930387,65.51541793540473,389.9321720216829,0.0,82.20793140407288,161.33457549512318
lstm,43,60,900,25.843377647977338,64.6639129975697,389.7980790314808,0.0,81.6111931867559,158.38958980065445
lstm,43,61,915,25.95195872213726,64.91984200681803,389.71046139685825,0.0,81.66043857362185,159.36457014385863
lstm,43,62,930,26.013048796255664,65.21851543527946,389.72582798613587,0.0,81.78500043451812,161.10483667142293
lstm,43,63,945,26.010912141590513,64.9234572561525,389.65074708998225,0.0,80.72767301063121,158.43466362745804
lstm,43,64,960,25.8966806219197,64.77310502747827,389.730999505215,0.0,82.33828683989456,161.4755407231334
lstm,43,65,975,25.902002287025084,64.78029905572349,389.6700267316589,0.0,81.9935691318328,160.35057147345972
lstm,43,66,990,25.785306325699604,64.30421707762814,389.5283788596757,0.0,81.54746386257641,158.39034211607336
lstm,43,67,1005,25.993931060425677,65.21034209908711,389.791223059058,0.0,81.83134903392138,161.0956360831906
lstm,43,68,1020,25.986858726341723,65.24172184043086,389.77758820933695,0.0,82.5236812375076,162.5855189872601
lstm,43,69,1035,25.934873918904366,65.05568442072881,389.72670482501115,0.0,82.16158280466962,160.45304919704265
lstm,43,70,1050,25.967396166412062,65.14561392188183,389.7935759878764,0.0,82.25717679093884,161.1614811621488
lstm,43,71,1065,25.777405134483097,64.6797566901666,389.62778644070096,0.0,81.75313577242838,157.8890331250672
lstm,43,72,1080,25.657904261546264,64.31616668778855,389.6508166703128,0.0,81.55325743750181,156.51730085776651
lstm,43,73,1095,25.95033208694894,65.32206315540262,389.84163587062136,0.0,82.56133947452275,161.6769046169193
lstm,43,74,1110,25.66181035627365,64.25180084132231,389.6959826614415,0.0,82.2311057037745,158.29586596236598
lstm,43,75,1125,25.961481043670894,65.42924421553181,389.94572833260173,0.0,82.39622258914864,160.73780528452255
lstm,43,76,1140,25.886664236581858,64.87575759401125,389.80211559922554,0.0,81.19405579212653,157.79643126246756
lstm,43,77,1155,26.03650184727153,65.5815106123436,390.0005524533298,0.0,82.13551171750528,160.6661173779856
lstm,43,78,1170,26.074826575876507,65.66398643306967,390.03202453864213,0.0,82.38463543929781,161.7512961981983
lstm,43,79,1185,25.80096015749089,64.80993030487788,389.8435930204474,0.0,81.9935691318328,158.6335153134571
lstm,43,80,1200,25.86979791436222,64.89009508260284,389.7779044752975,0.0,81.22881724167897,157.5831683378107
lstm,43,81,1215,25.91083363059232,65.05718882276243,389.92790930280125,0.0,82.04571130616146,159.32888399693337
lstm,43,82,1230,26.037341194428016,65.53888460231508,390.14349532101016,0.0,82.39332580168593,161.74345999330947
lstm,43,83,1245,25.955417726518125,65.04678185623881,389.78018253595064,0.0,80.96520958257292,157.56309197808716
lstm,43,84,1260,25.790960347443644,64.69982185930644,389.30413293501147,0.0,82.19634425422207,159.70171843148526
lstm,43,85,1275,26.07525462420754,65.73439657080465,389.3819849144983,0.0,82.16158280466962,161.61073156840067
lstm,43,86,1290,26.015221347482527,65.42886333436074,389.65265522889086,0.0,82.39911937661134,162.54425381205536
lstm,43,87,1305,25.979220756102716,65.48338405765884,389.3164264392089,0.0,81.87769763332464,159.61965155755996
lstm,43,88,1320,25.96813982964528,65.37758663651252,389.48480324627866,0.0,82.35277077720808,161.76523004668405
lstm,43,89,1335,25.938346789341676,65.37039439877097,389.39085705465914,0.0,81.86321369601113,159.60427403254454
lstm,43,90,1350,26.062958110366793,65.49554761590844,389.59005466591174,0.0,80.99128066973726,158.0974789647913
lstm,43,91,1365,26.0092928924082,65.62528381419662,389.43762783469816,0.0,81.97908519451927,160.64028956513116
lstm,43,92,1380,25.93085302623633,65.38192958045242,389.40196607557215,0.0,82.15578922974422,160.3535512235334
lstm,43,93,1395,26.022751535836523,65.7678427105333,389.4080711046292,0.0,81.6111931867559,159.6151575419172
lstm,43,94,1410,26.025948412864135,65.67169858975745,389.4650935550175,0.0,81.98198198198197,160.9961267596395
lstm,43,95,1425,26.132785185684277,66.02642915472936,389.50269910663303,0.0,81.67781929839808,160.96006981338837
lstm,43,96,1440,26.237589886674062,66.14829037341056,390.0035480495701,0.0,82.33539005243186,163.59191891454782
gru,43,1,15,25.38379882029917,63.78851138466124,388.70989245766475,0.0,82.9813736566148,159.4795086792326
gru,43,2,30,25.466913489418374,64.18868126849695,388.8171159788605,0.0,83.30581385243765,160.62019613452952
gru,43,3,45,25.56897495396595,64.45293722765342,388.92692113089475,0.0,82.55264911213465,158.93814404094076
gru,43,4,60,25.639529218832717,64.53446423412088,388.9578346477396,0.0,82.65693346079198,161.08627824846562
gru,43,5,75,25.55480960015992,64.31318078223917,388.87013627142755,0.0,82.41650010138756,160.01283184212997
gru,43,6,90,25.524899924930075,64.33174431651717,388.84942941114235,0.0,82.71486921004606,160.16805772671415
gru,43,7,105,25.78290357930255,65.01841797526612,388.9386703894028,0.0,82.20503461661018,160.6939982746262
gru,43,8,120,25.65161360121603,64.69242569197488,388.9993365518398,0.0,82.54395874974652,160.25147810705013
gru,43,9,135,25.95553732306981,65.74019458672556,389.15138574259316,0.0,82.09495669302743,160.15649925649618
gru,43,10,150,25.731176280982755,64.96184192194792,389.0107764354539,0.0,82.34408041481997,160.49568573399097
gru,43,11,165,26.021615806624276,65.4281190623939,389.1717186155884,0.0,81.17957185481302,158.902128989892
gru,43,12,180,26.011928110588723,65.79731485948543,389.18698097563265,0.0,82.13261493004258,161.31553077415975
gru,43,13,195,25.87309422640567,65.42735426157532,389.0968195081457,0.0,82.00515628168361,159.96987943921968
gru,43,14,210,25.85537722257278,65.27656664893753,389.0852251736007,0.0,82.12392456765447,160.9924031800097
gru,43,15,225,26.397659526530397,67.13445384184453,389.47559339458115,0.0,81.79658758436894,163.86659792780958
gru,43,16,240,25.993350548514304,65.52237645313593,389.15812403221554,0.0,82.21372497899829,163.06951158082745
gru,43,17,255,26.107162648599616,65.68310699080186,389.21527356199937,0.0,81.14191361779787,159.27333330432464
gru,43,18,270,25.85925882067113,65.192898429838,389.11644141391497,0.0,82.1413052924307,160.98130345469917
gru,43,19,285,26.073526970572573,65.7888493381656,389.088399119587,0.0,81.56194779988992,160.67750844176007
gru,43,20,300,25.960159972642366,65.39650433128799,389.0092768344325,0.0,82.03991773123606,161.9384519091135
gru,43,21,315,25.92067287749572,65.41914484602884,388.9875813362175,0.0,81.73865183511487,160.11496066100864
gru,43,22,330,26.038491655209235,65.54588074357429,389.08167627516787,0.0,81.79658758436894,162.63706127347044
gru,43,23,345,26.008012338092527,65.74240901649227,389.1854201621221,0.0,82.0717823933258,159.79825271944512
gru,43,24,360,25.875431197562193,65.24529366058815,389.05889291988,0.0,82.19924104168477,160.95869829497903
gru,43,25,375,25.907970043857677,65.494872835958,389.0360187013833,0.0,82.07757596825121,160.12491307000383
gru,43,26,390,26.106953966303973,65.72969155703036,389.120901773116,0.0,81.36786303988876,160.74397012398993
gru,43,27,405,26.310195679584087,66.26541945483318,389.3124049936831,0.0,81.65464499869644,162.97175398417414
gru,43,28,420,25.868451605293654,65.22365284627881,389.0938072347215,0.0,82.19634425422207,160.64200691944538
gru,43,29,435,26.116400708548078,65.62198648028729,389.1940733619501,0.0,81.23461081660439,159.62906393623817
gru,43,30,450,25.86508070154166,65.14974185923141,389.15247534291063,0.0,81.95591089481765,159.90481322622946
gru,43,31,465,26.021711842580583,65.67509731076261,389.2463814387711,0.0,81.3997277019785,160.30551964274812
gru,43,32,480,26.0150445465459,65.48478486377876,389.23810473564606,0.0,81.22881724167897,159.82266406528095
gru,43,33,495,25.96381766682461,65.54306546165746,389.1765211200957,0.0,81.6140899742186,159.59920909931427
gru,43,34,510,25.948757862994217,65.55160748813833,389.1493259188939,0.0,82.27455751571507,161.08283012747864
gru,43,35,525,26.045119412838154,65.85782219770367,389.24277795325406,0.0,81.77920685959272,159.14558717835686
gru,43,36,540,25.914742341092875,65.50706580125805,389.1272768143031,0.0,82.3759450769097,160.61490959948998
gru,43,37,555,26.127433808875715,65.81277403506331,389.23007621922807,0.0,81.55615422496452,161.9847014315617
gru,43,38,570,26.039630291032324,65.68683843439064,389.2281072550865,0.0,81.90087193302628,162.3868525685995
gru,43,39,585,26.009828566273058,65.64615385057768,389.24838896812344,0.0,81.55036065003911,160.61863273841712
gru,43,40,600,25.82058358310423,65.1269439651035,389.1779254795167,0.0,82.29193824049129,160.24550236589755
gru,43,41,615,26.17752869966543,65.8902061552784,389.24774991295254,0.0,81.79079400944353,163.62603978345928
gru,43,42,630,26.13223072141087,65.85539300870286,389.38514689751565,0.0,81.87190405839924,162.20699865033308
gru,43,43,645,26.37353175902042,67.1003996777566,389.4859716297636,0.0,82.20793140407288,164.5378690600216
gru,43,44,660,25.832415998290173,65.18215354351693,389.15226415148294,0.0,82.20213782914747,160.4333207442764
gru,43,45,675,26.05147782114422,65.6860436028296,389.2619740234273,0.0,81.67202572347267,159.49981669176003
gru,43,46,690,25.796014399076732,65.06214978781266,389.11421619770874,0.0,82.30642217780482,160.57574497967965
gru,43,47,705,25.857310225324717,65.34594455339906,389.1653725402766,0.0,82.02253700645984,158.88019544295759
gru,43,48,720,25.769046083640234,64.97712524838371,389.108934412513,0.0,82.11813099272906,160.0489440175521
gru,43,49,735,26.006443256267385,65.6120589708737,389.7636787938817,0.0,81.854523333623,160.3153743757392
gru,43,50,750,26.146157524167517,65.79404807068434,389.85120352031504,0.0,81.73285826018945,161.83248491715656
gru,43,51,765,26.00948738157598,65.78681327026624,389.77947195351845,0.0,82.2340024912372,160.83157004800822
gru,43,52,780,25.869935782782665,65.2239914396803,389.74225526135206,0.0,82.30931896526752,160.8682954722197
gru,43,53,795,26.00717190280482,65.7291564020319,389.8389396631858,0.0,81.95880768228035,159.78942344299466
gru,43,54,810,25.885538710670524,65.37271200575272,389.7427391598643,0.0,82.87419252049477,161.546546637242
gru,43,55,825,25.97171490992713,65.50617698240822,389.7396108447524,0.0,82.12102778019177,161.05421251741095
gru,43,56,840,25.865458222098944,65.20016012225794,389.73055108064864,0.0,82.26876394078967,161.26573636026856
gru,43,57,855,26.62405954216277,67.31363641907122,390.1515598024726,0.0,81.20564294197735,163.76769463493778
gru,43,58,870,25.798286085932887,64.91058974502309,389.7523978599348,0.0,82.55554589959735,160.4639916538116
gru,43,59,885,25.979776220112807,65.424159733918,389.7877846131427,0.0,81.89218157063817,161.30699518759698
gru,43,60,900,25.926419240641877,65.25939571916103,389.82573951215073,0.0,82.19344746675937,160.31467012298162
gru,43,61,915,25.991014371082194,65.45521468148728,389.85717185275587,0.0,82.16447959213232,160.15096502513055
gru,43,62,930,26.244234065073805,66.3263313172319,389.9835099537943,0.0,82.71486921004606,166.23599081486424
gru,43,63,945,26.063972972660487,65.38492152050887,389.85291232863676,0.0,81.70678717302512,160.20099766415592
gru,43,64,960,25.829751591423637,64.89958997983699,389.77727004036177,0.0,82.85391500825584,162.20636456209508
gru,43,65,975,25.83528984241108,64.97178110107744,389.7692579521921,0.0,82.5236812375076,160.40032691274405
gru,43,66,990,25.98068414340661,64.92127058558441,389.80839983899574,0.0,81.63147069899482,160.37707492209688
gru,43,67,1005,25.81532435012674,64.84624061450148,389.6970567240823,0.0,82.28614466556589,160.91534117417405
gru,43,68,1020,25.92007159079379,65.0638023154238,389.69917134314085,0.0,82.62796558616495,163.98573567971084
gru,43,69,1035,25.879569222411828,65.27040865616515,389.7762813418824,0.0,82.68879812288172,161.3894671600583
gru,43,70,1050,25.852436496743223,65.0975877042571,389.78498022260226,0.0,82.74963065959851,162.09124168579308
gru,43,71,1065,25.810559472372837,65.13191078698202,389.8089040917798,0.0,82.21951855392369,159.7165409528039
gru,43,72,1080,25.77322818709725,64.96243836805083,389.7582689412575,0.0,82.12392456765447,159.03632827198024
gru,43,73,1095,25.81496780666418,65.02297661039178,389.69423581544413,0.0,82.5207844500449,162.0265422704023
gru,43,74,1110,25.722875451957993,64.7568856693851,389.8199490880024,0.0,82.7467338721358,159.73306604801124
gru,43,75,1125,25.716198819723797,64.88244013526845,389.7384120236535,0.0,82.41070652646215,159.94437961095537
gru,43,76,1140,25.965470515749935,65.23265212333668,389.9231606256027,0.0,81.88638799571275,160.2587082489138
gru,43,77,1155,25.745876723154236,64.93715699138075,389.75180154169635,0.0,82.72355957243417,160.2008688224296
gru,43,78,1170,25.82453721985673,65.08437874891035,389.7501374975687,0.0,82.7380435097477,161.38230545031436
gru,43,79,1185,25.80376005967136,64.92274404181148,389.72145179963803,0.0,82.04281451869876,159.21570011859663
gru,43,80,1200,25.876383621230936,64.94112812531753,389.77535541266815,0.0,81.86900727093654,159.54537725846447
gru,43,81,1215,25.855997800184177,65.21566993183826,389.80974795823295,0.0,82.38753222676051,159.86240040359905
gru,43,82,1230,25.737906747001563,64.68796551992948,389.68277855328694,0.0,82.63665594855306,161.47219908931694
gru,43,83,1245,25.961604018336363,65.12896789592794,389.80340071751164,0.0,81.62857391153211,159.37061661251343
gru,43,84,1260,25.679310024938456,64.60050573439956,389.08830726894456,0.0,82.7467338721358,160.6124561418254
gru,43,85,1275,25.840691665225627,65.00071543141783,389.17963770347313,0.0,82.40780973899945,161.29104860963477
gru,43,86,1290,25.783340428322997,64.6927645092684,389.0769734450472,0.0,82.56133947452275,163.19699039289003
gru,43,87,1305,25.858423438092682,65.08012771049836,389.0778685424126,0.0,82.00225949422091,160.44322215456498
gru,43,88,1320,25.81326369153203,64.8731389645559,389.09391491864295,0.0,82.66562382318008,163.1122548370314
gru,43,89,1335,25.71329473698636,64.77599107858119,389.067325122239,0.0,82.32090611511833,160.12811417763552
gru,43,90,1350,25.991167337913044,65.25888727681864,389.78361929427103,0.0,81.62567712406941,160.05637647537674
gru,43,91,1365,25.86070968638282,65.02222120773243,389.1340968277956,0.0,82.0717823933258,161.10161955481254
gru,43,92,1380,25.68528249350202,64.67592361345449,389.12125823572404,0.0,82.56133947452275,160.95122478168858
gru,43,93,1395,25.864616430615136,65.26893993449325,389.2246290045678,0.0,81.93563338257871,159.79497144461956
gru,43,94,1410,25.678624219789743,64.60776995170383,389.11580855745893,0.0,82.47153906317894,160.76150245121522
gru,43,95,1425,25.855752377985947,65.1045392583669,389.21375692013544,0.0,82.0717823933258,160.6765957247304
gru,43,96,1440,25.889811895985076,65.21897503587999,389.5406686926662,0.0,82.72645635989687,163.27269842379113
